{
  "field": {
    "mean": 0.6584707383484786,
    "std": 0.051400333175887374,
    "ci95": 0.007123722732207895,
    "n": 200
  },
  "greedy": {
    "mean": 0.6464312349641645,
    "std": 0.053719159636459714,
    "ci95": 0.007445095683482334,
    "n": 200
  },
  "fsrs": {
    "mean": 0.765828993038995,
    "std": 0.24245962016084882,
    "ci95": 0.03360318894961154,
    "n": 200
  }
}