{
  "a0.95_b0.01": {
    "alpha": 0.95,
    "boost": 0.01,
    "indep": 0.5079660692653577,
    "fsrs": 0.5325565294096226,
    "field": 0.5766830388565307,
    "delta_vs_indep": 0.06871696959117302,
    "delta_vs_fsrs": 0.0441265094469081
  },
  "a0.95_b0.02": {
    "alpha": 0.95,
    "boost": 0.02,
    "indep": 0.519233516213995,
    "fsrs": 0.502350530723616,
    "field": 0.573547661576319,
    "delta_vs_indep": 0.05431414536232393,
    "delta_vs_fsrs": 0.07119713085270296
  },
  "a0.95_b0.05": {
    "alpha": 0.95,
    "boost": 0.05,
    "indep": 0.5472299702636324,
    "fsrs": 0.5156030926900441,
    "field": 0.584131276734302,
    "delta_vs_indep": 0.03690130647066958,
    "delta_vs_fsrs": 0.06852818404425787
  },
  "a0.95_b0.10": {
    "alpha": 0.95,
    "boost": 0.1,
    "indep": 0.5283976733511634,
    "fsrs": 0.5115535890997205,
    "field": 0.6045312399700152,
    "delta_vs_indep": 0.07613356661885184,
    "delta_vs_fsrs": 0.09297765087029475
  },
  "a0.95_b0.15": {
    "alpha": 0.95,
    "boost": 0.15,
    "indep": 0.5268835150698074,
    "fsrs": 0.5206177566640826,
    "field": 0.6109046626769061,
    "delta_vs_indep": 0.08402114760709878,
    "delta_vs_fsrs": 0.09028690601282352
  },
  "a0.95_b0.20": {
    "alpha": 0.95,
    "boost": 0.2,
    "indep": 0.5376053029940899,
    "fsrs": 0.4900474608609825,
    "field": 0.645110779279527,
    "delta_vs_indep": 0.10750547628543705,
    "delta_vs_fsrs": 0.15506331841854448
  },
  "a0.90_b0.01": {
    "alpha": 0.9,
    "boost": 0.01,
    "indep": 0.5324221147019318,
    "fsrs": 0.5273122224218442,
    "field": 0.5749415797558541,
    "delta_vs_indep": 0.042519465053922345,
    "delta_vs_fsrs": 0.04762935733400997
  },
  "a0.90_b0.02": {
    "alpha": 0.9,
    "boost": 0.02,
    "indep": 0.5571855688631375,
    "fsrs": 0.5105237187720142,
    "field": 0.5907951000809115,
    "delta_vs_indep": 0.03360953121777399,
    "delta_vs_fsrs": 0.08027138130889733
  },
  "a0.90_b0.05": {
    "alpha": 0.9,
    "boost": 0.05,
    "indep": 0.540920977866151,
    "fsrs": 0.4859281398496958,
    "field": 0.604769003205681,
    "delta_vs_indep": 0.06384802533953005,
    "delta_vs_fsrs": 0.11884086335598526
  },
  "a0.90_b0.10": {
    "alpha": 0.9,
    "boost": 0.1,
    "indep": 0.5220589259053816,
    "fsrs": 0.5329794585111177,
    "field": 0.6316135224279461,
    "delta_vs_indep": 0.1095545965225645,
    "delta_vs_fsrs": 0.09863406391682839
  },
  "a0.90_b0.15": {
    "alpha": 0.9,
    "boost": 0.15,
    "indep": 0.5228436097387713,
    "fsrs": 0.5102979534543371,
    "field": 0.6398513454062323,
    "delta_vs_indep": 0.11700773566746103,
    "delta_vs_fsrs": 0.1295533919518952
  },
  "a0.90_b0.20": {
    "alpha": 0.9,
    "boost": 0.2,
    "indep": 0.4987178435771577,
    "fsrs": 0.5115723244830814,
    "field": 0.6555932689788153,
    "delta_vs_indep": 0.1568754254016576,
    "delta_vs_fsrs": 0.14402094449573388
  },
  "a0.85_b0.01": {
    "alpha": 0.85,
    "boost": 0.01,
    "indep": 0.5224117946197627,
    "fsrs": 0.5159889379667414,
    "field": 0.5921157177330478,
    "delta_vs_indep": 0.0697039231132851,
    "delta_vs_fsrs": 0.07612677976630644
  },
  "a0.85_b0.02": {
    "alpha": 0.85,
    "boost": 0.02,
    "indep": 0.5154623474970944,
    "fsrs": 0.5119450494256661,
    "field": 0.5741834690541437,
    "delta_vs_indep": 0.05872112155704934,
    "delta_vs_fsrs": 0.06223841962847765
  },
  "a0.85_b0.05": {
    "alpha": 0.85,
    "boost": 0.05,
    "indep": 0.5187979778702878,
    "fsrs": 0.498696660411812,
    "field": 0.6119717015741689,
    "delta_vs_indep": 0.0931737237038811,
    "delta_vs_fsrs": 0.11327504116235693
  },
  "a0.85_b0.10": {
    "alpha": 0.85,
    "boost": 0.1,
    "indep": 0.5076434833146486,
    "fsrs": 0.5035012972796501,
    "field": 0.6226291009511302,
    "delta_vs_indep": 0.11498561763648163,
    "delta_vs_fsrs": 0.11912780367148013
  },
  "a0.85_b0.15": {
    "alpha": 0.85,
    "boost": 0.15,
    "indep": 0.5286452917437994,
    "fsrs": 0.5049113369331945,
    "field": 0.6280557020303595,
    "delta_vs_indep": 0.09941041028656017,
    "delta_vs_fsrs": 0.12314436509716509
  },
  "a0.85_b0.20": {
    "alpha": 0.85,
    "boost": 0.2,
    "indep": 0.5228808879501757,
    "fsrs": 0.5091374455232409,
    "field": 0.668733920255157,
    "delta_vs_indep": 0.14585303230498126,
    "delta_vs_fsrs": 0.15959647473191607
  },
  "a0.80_b0.01": {
    "alpha": 0.8,
    "boost": 0.01,
    "indep": 0.5207409627731081,
    "fsrs": 0.5453918190867109,
    "field": 0.5812886908793272,
    "delta_vs_indep": 0.06054772810621911,
    "delta_vs_fsrs": 0.03589687179261636
  },
  "a0.80_b0.02": {
    "alpha": 0.8,
    "boost": 0.02,
    "indep": 0.5268027017483194,
    "fsrs": 0.502012101524929,
    "field": 0.592742026626795,
    "delta_vs_indep": 0.06593932487847554,
    "delta_vs_fsrs": 0.09072992510186595
  },
  "a0.80_b0.05": {
    "alpha": 0.8,
    "boost": 0.05,
    "indep": 0.511059743868065,
    "fsrs": 0.49688844439664914,
    "field": 0.611501498275437,
    "delta_vs_indep": 0.10044175440737202,
    "delta_vs_fsrs": 0.11461305387878784
  },
  "a0.80_b0.10": {
    "alpha": 0.8,
    "boost": 0.1,
    "indep": 0.5264737024588164,
    "fsrs": 0.5165934088674452,
    "field": 0.648765985846035,
    "delta_vs_indep": 0.12229228338721854,
    "delta_vs_fsrs": 0.13217257697858975
  },
  "a0.80_b0.15": {
    "alpha": 0.8,
    "boost": 0.15,
    "indep": 0.5302108606673887,
    "fsrs": 0.5038006384380701,
    "field": 0.6525738979856601,
    "delta_vs_indep": 0.12236303731827147,
    "delta_vs_fsrs": 0.14877325954759002
  },
  "a0.80_b0.20": {
    "alpha": 0.8,
    "boost": 0.2,
    "indep": 0.5240507171759918,
    "fsrs": 0.5033069338451565,
    "field": 0.6747036133731085,
    "delta_vs_indep": 0.15065289619711664,
    "delta_vs_fsrs": 0.171396679527952
  },
  "a0.70_b0.01": {
    "alpha": 0.7,
    "boost": 0.01,
    "indep": 0.5460933256604913,
    "fsrs": 0.5118592030560709,
    "field": 0.6143192874276802,
    "delta_vs_indep": 0.06822596176718887,
    "delta_vs_fsrs": 0.10246008437160925
  },
  "a0.70_b0.02": {
    "alpha": 0.7,
    "boost": 0.02,
    "indep": 0.5014851311561194,
    "fsrs": 0.5075361480664329,
    "field": 0.6034902427383391,
    "delta_vs_indep": 0.1020051115822197,
    "delta_vs_fsrs": 0.09595409467190619
  },
  "a0.70_b0.05": {
    "alpha": 0.7,
    "boost": 0.05,
    "indep": 0.5313550265384397,
    "fsrs": 0.5400672810833269,
    "field": 0.6269081539474027,
    "delta_vs_indep": 0.09555312740896305,
    "delta_vs_fsrs": 0.08684087286407582
  },
  "a0.70_b0.10": {
    "alpha": 0.7,
    "boost": 0.1,
    "indep": 0.5102367783289289,
    "fsrs": 0.515983268762736,
    "field": 0.6641695616072496,
    "delta_vs_indep": 0.15393278327832072,
    "delta_vs_fsrs": 0.14818629284451357
  },
  "a0.70_b0.15": {
    "alpha": 0.7,
    "boost": 0.15,
    "indep": 0.49269668764429797,
    "fsrs": 0.5111831999018831,
    "field": 0.6663350230700165,
    "delta_vs_indep": 0.1736383354257185,
    "delta_vs_fsrs": 0.15515182316813336
  },
  "a0.70_b0.20": {
    "alpha": 0.7,
    "boost": 0.2,
    "indep": 0.540532322276649,
    "fsrs": 0.48964688116801325,
    "field": 0.6846575080259757,
    "delta_vs_indep": 0.14412518574932665,
    "delta_vs_fsrs": 0.19501062685796244
  },
  "a0.60_b0.01": {
    "alpha": 0.6,
    "boost": 0.01,
    "indep": 0.5120080328491011,
    "fsrs": 0.5067907123711904,
    "field": 0.6278268536133677,
    "delta_vs_indep": 0.11581882076426653,
    "delta_vs_fsrs": 0.12103614124217721
  },
  "a0.60_b0.02": {
    "alpha": 0.6,
    "boost": 0.02,
    "indep": 0.5101646061860352,
    "fsrs": 0.5198619334824636,
    "field": 0.6201167826521238,
    "delta_vs_indep": 0.10995217646608857,
    "delta_vs_fsrs": 0.10025484916966021
  },
  "a0.60_b0.05": {
    "alpha": 0.6,
    "boost": 0.05,
    "indep": 0.5346080922377504,
    "fsrs": 0.4930749438594975,
    "field": 0.6418365814484106,
    "delta_vs_indep": 0.1072284892106602,
    "delta_vs_fsrs": 0.1487616375889131
  },