{
  "a0.95_b0.01": {
    "alpha": 0.95,
    "boost": 0.01,
    "indep": 0.5061216428016209,
    "field": 0.566301784160938,
    "delta": 0.06018014135931715
  },
  "a0.95_b0.02": {
    "alpha": 0.95,
    "boost": 0.02,
    "indep": 0.5054730711187773,
    "field": 0.5693123678357556,
    "delta": 0.0638392967169783
  },
  "a0.95_b0.05": {
    "alpha": 0.95,
    "boost": 0.05,
    "indep": 0.5099455043539128,
    "field": 0.5833686572338196,
    "delta": 0.07342315287990675
  },
  "a0.95_b0.10": {
    "alpha": 0.95,
    "boost": 0.1,
    "indep": 0.5147525388552215,
    "field": 0.6171624492072735,
    "delta": 0.10240991035205194
  },
  "a0.95_b0.15": {
    "alpha": 0.95,
    "boost": 0.15,
    "indep": 0.5167080468989093,
    "field": 0.6201051320980961,
    "delta": 0.10339708519918689
  },
  "a0.95_b0.20": {
    "alpha": 0.95,
    "boost": 0.2,
    "indep": 0.5266824581974454,
    "field": 0.6339789266796708,
    "delta": 0.1072964684822254
  },
  "a0.90_b0.01": {
    "alpha": 0.9,
    "boost": 0.01,
    "indep": 0.521610898564894,
    "field": 0.5924569334088676,
    "delta": 0.07084603484397367
  },
  "a0.90_b0.02": {
    "alpha": 0.9,
    "boost": 0.02,
    "indep": 0.5148102444156892,
    "field": 0.5753786674127884,
    "delta": 0.06056842299709919
  },
  "a0.90_b0.05": {
    "alpha": 0.9,
    "boost": 0.05,
    "indep": 0.5277235568232698,
    "field": 0.5849702979331726,
    "delta": 0.0572467411099028
  },
  "a0.90_b0.10": {
    "alpha": 0.9,
    "boost": 0.1,
    "indep": 0.5165378919859591,
    "field": 0.6149169454676013,
    "delta": 0.09837905348164222
  },
  "a0.90_b0.15": {
    "alpha": 0.9,
    "boost": 0.15,
    "indep": 0.5430054567889976,
    "field": 0.6310372081972802,
    "delta": 0.08803175140828257
  },
  "a0.90_b0.20": {
    "alpha": 0.9,
    "boost": 0.2,
    "indep": 0.5416763683875442,
    "field": 0.6398131783347174,
    "delta": 0.09813680994717322
  },
  "a0.85_b0.01": {
    "alpha": 0.85,
    "boost": 0.01,
    "indep": 0.5430220721995404,
    "field": 0.5933660040868944,
    "delta": 0.05034393188735409
  },
  "a0.85_b0.02": {
    "alpha": 0.85,
    "boost": 0.02,
    "indep": 0.5341305701375679,
    "field": 0.5835659564232977,
    "delta": 0.04943538628572974
  },
  "a0.85_b0.05": {
    "alpha": 0.85,
    "boost": 0.05,
    "indep": 0.5292959437779303,
    "field": 0.592292933378645,
    "delta": 0.06299698960071465
  },
  "a0.85_b0.10": {
    "alpha": 0.85,
    "boost": 0.1,
    "indep": 0.5291674959887037,
    "field": 0.5955200067639703,
    "delta": 0.0663525107752666
  },
  "a0.85_b0.15": {
    "alpha": 0.85,
    "boost": 0.15,
    "indep": 0.5344295411205838,
    "field": 0.6349117473377917,
    "delta": 0.10048220621720783
  },
  "a0.85_b0.20": {
    "alpha": 0.85,
    "boost": 0.2,
    "indep": 0.5282111389969363,
    "field": 0.6468607805566237,
    "delta": 0.11864964155968738
  },
  "a0.80_b0.01": {
    "alpha": 0.8,
    "boost": 0.01,
    "indep": 0.5185092286506445,
    "field": 0.5778244536659007,
    "delta": 0.05931522501525621
  },
  "a0.80_b0.02": {
    "alpha": 0.8,
    "boost": 0.02,
    "indep": 0.5410259885590532,
    "field": 0.5844724382834197,
    "delta": 0.04344644972436651
  },
  "a0.80_b0.05": {
    "alpha": 0.8,
    "boost": 0.05,
    "indep": 0.5262592338763439,
    "field": 0.5932209485154609,
    "delta": 0.06696171463911704
  },
  "a0.80_b0.10": {
    "alpha": 0.8,
    "boost": 0.1,
    "indep": 0.5290868611506171,
    "field": 0.6260300555407646,
    "delta": 0.09694319439014754
  },
  "a0.80_b0.15": {
    "alpha": 0.8,
    "boost": 0.15,
    "indep": 0.5150128241458289,
    "field": 0.6641460681313854,
    "delta": 0.1491332439855565
  },
  "a0.80_b0.20": {
    "alpha": 0.8,
    "boost": 0.2,
    "indep": 0.5267683831712151,
    "field": 0.6616422370461166,
    "delta": 0.13487385387490147
  },
  "a0.70_b0.01": {
    "alpha": 0.7,
    "boost": 0.01,
    "indep": 0.5114828676208216,
    "field": 0.6009330208008835,
    "delta": 0.08945015318006189
  },
  "a0.70_b0.02": {
    "alpha": 0.7,
    "boost": 0.02,
    "indep": 0.5127466104864667,
    "field": 0.5965484117406777,
    "delta": 0.083801801254211
  },
  "a0.70_b0.05": {
    "alpha": 0.7,
    "boost": 0.05,
    "indep": 0.5147739771957554,
    "field": 0.6425546757919232,
    "delta": 0.1277806985961678
  },
  "a0.70_b0.10": {
    "alpha": 0.7,
    "boost": 0.1,
    "indep": 0.525058635374682,
    "field": 0.6303108646992394,
    "delta": 0.10525222932455736
  },
  "a0.70_b0.15": {
    "alpha": 0.7,
    "boost": 0.15,
    "indep": 0.5064902817000209,
    "field": 0.664372318280467,
    "delta": 0.15788203658044608
  },
  "a0.70_b0.20": {
    "alpha": 0.7,
    "boost": 0.2,
    "indep": 0.5370290798305921,
    "field": 0.688830676756081,
    "delta": 0.1518015969254889
  },
  "a0.60_b0.01": {
    "alpha": 0.6,
    "boost": 0.01,
    "indep": 0.5009776007081974,
    "field": 0.6051073665870296,
    "delta": 0.10412976587883216
  },
  "a0.60_b0.02": {
    "alpha": 0.6,
    "boost": 0.02,
    "indep": 0.5408890791595059,
    "field": 0.6187764212415859,
    "delta": 0.07788734208208004
  },
  "a0.60_b0.05": {
    "alpha": 0.6,
    "boost": 0.05,
    "indep": 0.5107140053643753,
    "field": 0.6392001765633132,
    "delta": 0.1284861711989379
  },
  "a0.60_b0.10": {
    "alpha": 0.6,
    "boost": 0.1,
    "indep": 0.5163290125643775,
    "field": 0.649817467209982,
    "delta": 0.13348845464560455
  },
  "a0.60_b0.15": {
    "alpha": 0.6,
    "boost": 0.15,
    "indep": 0.5225317706823046,
    "field": 0.6845914009573186,
    "delta": 0.16205963027501402
  },
  "a0.60_b0.20": {
    "alpha": 0.6,
    "boost": 0.2,
    "indep": 0.5402435029493325,
    "field": 0.6898142659631862,
    "delta": 0.14957076301385364
  }
}